accommodation_code,description
NMO.HTL.ACO.ABH,Apartamento / Hostal
NMO.HTL.ACO.AGR,Albergaria
NMO.HTL.ACO.ALC,Restaurante a la carta
NMO.HTL.ACO.ASM,Agroturismo
NMO.HTL.ACO.ATL,Aparthotel
NMO.HTL.ACO.ATN,Alojamiento
NMO.HTL.ACO.ATS,Apartamentos
NMO.HTL.ACO.BAL,Hospedaje
NMO.HTL.ACO.BEB,Bed &amp; Breakfast
NMO.HTL.ACO.BLW,Bungalow
NMO.HTL.ACO.BO0,Residencia
NMO.HTL.ACO.BO1,Posada
NMO.HTL.ACO.BO2,Pensión
NMO.HTL.ACO.BO3,Hotel Barco
NMO.HTL.ACO.BTQ,Boutique
NMO.HTL.ACO.BWS,Cabañas
NMO.HTL.ACO.CAH,Hotel Castillo
NMO.HTL.ACO.CAP,Parking
NMO.HTL.ACO.CAR,Alquiler de vehiculo
NMO.HTL.ACO.CCT,Circuito
NMO.HTL.ACO.CO0,Pazo
NMO.HTL.ACO.COH,Casa Rural
NMO.HTL.ACO.CRS,Crucero
NMO.HTL.ACO.CTO,Caserío
NMO.HTL.ACO.CVS,Cuevas
NMO.HTL.ACO.DEB,Deluxe Boutique
NMO.HTL.ACO.DGN,Diseño
NMO.HTL.ACO.DHQ,Discoteca
NMO.HTL.ACO.EGM,Estalagem
NMO.HTL.ACO.FAH,Granja hotel
NMO.HTL.ACO.FHS,Cortijo
NMO.HTL.ACO.GHS,Casa de huéspedes
NMO.HTL.ACO.GOC,Campo de golf
NMO.HTL.ACO.GUT,Rutas Guiadas
NMO.HTL.ACO.HBH,Hostal Residencia
NMO.HTL.ACO.HGH,Hotel / Residencial
NMO.HTL.ACO.HMH,Casa Señorial
NMO.HTL.ACO.HND,Hacienda
NMO.HTL.ACO.HO0,Hotel Resort
NMO.HTL.ACO.HO1,Hotel / Estudios
NMO.HTL.ACO.HOA,Hotel / Apartamentos
NMO.HTL.ACO.HOB,Casa Barco
NMO.HTL.ACO.HOH,Viviendas Vacacionales
NMO.HTL.ACO.HOM,Hotel Monumento
NMO.HTL.ACO.HOR,Hotel / Restaurante
NMO.HTL.ACO.HOS,Hotel Spa
NMO.HTL.ACO.HS1,Hostel
NMO.HTL.ACO.HST,Hostel
NMO.HTL.ACO.HTL,Hotel
NMO.HTL.ACO.INN,Hosteria
NMO.HTL.ACO.INT,Turismo de Interior
NMO.HTL.ACO.MAH,Hotel Palacete
NMO.HTL.ACO.MAS,Masia
NMO.HTL.ACO.MCL,Musical
NMO.HTL.ACO.MOH,Hotel Monasterio
NMO.HTL.ACO.MTL,Motel
NMO.HTL.ACO.MUC,Centro Multiaventura
NMO.HTL.ACO.PAH,Hotel Palacio
NMO.HTL.ACO.PDR,Parador
NMO.HTL.ACO.PSD,Pousada
NMO.HTL.ACO.RBH,Posada Real
NMO.HTL.ACO.REG,Pension Residencial
NMO.HTL.ACO.REP,Posada Residencial
NMO.HTL.ACO.RIA,Riad
NMO.HTL.ACO.RNT,Restaurante
NMO.HTL.ACO.RTL,Residencial
NMO.HTL.ACO.RUA,Apartamentos Rurales
NMO.HTL.ACO.RUC,Complejo rural
NMO.HTL.ACO.RUH,Hotel Rural
NMO.HTL.ACO.RUT,Turismo Rural
NMO.HTL.ACO.SAL,Refugio de safari
NMO.HTL.ACO.SBH,Residencia Estudiantes
NMO.HTL.ACO.SIT,Recinto
NMO.HTL.ACO.SKS,Escuela de Esqui
NMO.HTL.ACO.SNP,Parque de nieve
NMO.HTL.ACO.SPA,SPA
NMO.HTL.ACO.SPH,Hotel Balneario
NMO.HTL.ACO.SPU,Balneario Urbano
NMO.HTL.ACO.STF,Estudios
NMO.HTL.ACO.STH,Casona
NMO.HTL.ACO.TCR,Complejo Turístico - Resort
NMO.HTL.ACO.THP,Parque Temático
NMO.HTL.ACO.TO0,Aldeamiento turístico
NMO.HTL.ACO.TOC,Tarjeta turística
NMO.HTL.ACO.TOG,Guía Turístico
NMO.HTL.ACO.TOO,Mayorista
NMO.HTL.ACO.TOV,Villa Turística
NMO.HTL.ACO.TRC,Centro Formacional
NMO.HTL.ACO.TRL,Cabañas en los árboles
NMO.HTL.ACO.TSC,Campamento de safari
NMO.HTL.ACO.TUB,Baños árabes
NMO.HTL.ACO.VIH,Casas de Aldea
NMO.HTL.ACO.VLL,Villa
NMO.HTL.ACO.VRS,Varios
NMO.HTL.ACO.WRY,Bodega
